SeqNo,pm_name,pm_Longitude,pm_Latitude,pm_unit,pm_location
157,七虎公園,121.5020599400,25.1364994050,陽明山公園管理所,育仁路108號（薇閣小學旁）
402,七星公園,121.5030212400,25.1366195680,陽明山公園管理所,光明路、中山路交叉口（新北投捷運站）
251,八仙公園,121.5029160000,25.1202860000,陽明山公園管理所,公館路423巷8弄
542,大豐公園,121.5037307700,25.1319408420,陽明山公園管理所,公館路13號旁
905,中央簡易公園,121.4999237100,25.1280994420,陽明山公園管理所,大興街與中央南路二段6巷口
446,中庸1號公園,121.5012435900,25.1380405430,陽明山公園管理所,位於北投區中庸里雙全街50號對面
523,丹鳳公園,121.5109787000,25.1264801030,陽明山公園管理所,公館路255巷19弄旁
267,公館公園,121.5064315800,25.1279907230,陽明山公園管理所,奇岩新社區(公三)
368,天狗庵遺址,121.5066680900,25.1359291080,陽明山公園管理所,溫泉路73巷(天狗庵舊址)
467,文化1號公園,121.4964620000,25.1365350000,陽明山公園管理所,位於北投區文化里中央北路二段文化國小對面
522,文化2號公園,121.4968414300,25.1364307400,陽明山公園管理所,位於北投區文化里中央北路一段228巷
268,文化3號公園,121.4947128300,25.1376991270,陽明山公園管理所,中央北路二段68巷進入(42巷11弄旁)
835,北投258號綠地(承德4號),121.5124500000,25.1019000000,園藝工程隊(北區分隊),承德路六段與福國路交叉口，北投士林科技園區(綠4，區段徵收)
875,北投2號公園,121.5082210000,25.1370500000,陽明山公園管理所,中山路2號
786,北投公園,121.5047302200,25.1365604400,陽明山公園管理所,北投區中山路、光明路所圍範圍
857,北投社三層崎公園,121.4911560000,25.1457400000,陽明山公園管理所,北投區秀山路50號旁
579,石牌公園,121.5103607200,25.1163597110,陽明山公園管理所,石牌路一段39巷內
44,立農公園,121.5035095200,25.1187896730,陽明山公園管理所,承德路七段378號
760,吉利公園,121.5083694500,25.1190109250,陽明山公園管理所,位於北投區立農里吉利街179號旁
330,同德公園,121.5294494600,25.1250705720,陽明山公園管理所,位於北投區永欣里同德街27巷19號對面
509,地熱谷公園,121.5109787000,25.1375598910,陽明山公園管理所,臺北市北投區中山路30-1號(中山路與溫泉路交口)
228,行義公園,121.5252304100,25.1253890990,陽明山公園管理所,石牌路二段343巷8號
360,奇岩1號公園,121.5036980000,25.1283390000,陽明山公園管理所,臺北市北投區磺港路208號(奇岩新社區公一)
214,奇岩二號公園,121.5036926300,25.1264991760,陽明山公園管理所,臺北市北投區216號(奇岩新社區公二)
261,奇岩三號公園,121.5052185100,25.1259803770,陽明山公園管理所,奇岩新社區(公四)
483,東華公園,121.5070724500,25.1218395230,陽明山公園管理所,東華街二段300巷19號對面
29,林泉公園,121.5148200000,25.1413300000,陽明山公園管理所,溫泉路168號旁
141,知行公園,121.4666519200,25.1197299960,陽明山公園管理所,位於北投區關渡里知行路225巷
907,長安公園,121.5001602200,25.1355590820,陽明山公園管理所,育仁路109號對面(薇閣國小旁)
597,前山公園,121.5484437000,25.1505765240,花卉試驗中心,臺北市北投區建國街4號旁及紗帽路117號對面
585,建民公園,121.5198090000,25.1047440000,陽明山公園管理所,文林北路16巷7號對面
171,泉源47號公園,121.5124588000,25.1420993800,陽明山公園管理所,泉源路80號對面山腳下
142,泉源48號公園,121.5071563700,25.1419391630,陽明山公園管理所,北投珠海路120號附近
871,洲美(公4)公園,121.5063470000,25.1000890000,陽明山公園管理所,洲美街122號
572,洲美蜆仔港公園,121.5111863500,25.1009971140,陽明山公園管理所,台北市士林區承德路六段329號
676,致遠公園,121.5150528000,25.1112709050,陽明山公園管理所,位於北投區榮光里致遠一路二段自強市場旁
84,重三公園,121.4892883300,25.1401596070,陽明山公園管理所,新興路與重三路交叉口(重三新村八期重劃)政校後勤區
745,振華公園,121.5188522300,25.1151695250,陽明山公園管理所,位於北投區振華里振華街24號對面
701,振興公園,121.5230407700,25.1182193760,陽明山公園管理所,天母西路與磺溪交叉口
50,桂花公園,121.5102233900,25.1379108430,陽明山公園管理所,中山路5-7號(林泉里辦公處旁)
174,桃源公園,121.4827575700,25.1380691530,陽明山公園管理所,中央北路三段148巷底
674,健行公園,121.5088272100,25.1212100980,陽明山公園管理所,位於北投區東華里致遠三路147巷二弄內
59,崇仰公園,121.5110600000,25.1260900000,陽明山公園管理所,崇仰一路、公館路225巷底
576,清江1公園,121.5024795500,25.1239109040,陽明山公園管理所,位於北投區清江里崇仁路一段154號對面
742,清江二公園,121.5018920900,25.1236801150,陽明山公園管理所,位於北投區清江里崇仁路1段154號旁
797,軟橋公園,121.5176130000,25.1031020000,陽明山公園管理所,台北市北投區文林北路5巷58號
906,復興公園,121.5032272300,25.1396903990,陽明山公園管理所,北投中和街200號
514,開明公園,121.5053176900,25.1411304470,陽明山公園管理所,珠海路112號附近
497,陽明公園,121.5390111560,25.1590167547,花卉試驗中心,臺北市北投區湖山路二段
113,新興公園,121.4870300000,25.1393400000,陽明山公園管理所,新興路145號旁(六期重劃)
43,溫泉綠地,121.5123420000,25.1389330000,陽明山公園管理所,溫泉路137號旁
769,聖景一公園,121.4635100000,25.1204500000,陽明山公園管理所,聖景路100號內
661,聖景二公園,121.4638100000,25.1203800000,陽明山公園管理所,聖景路101號旁
11,聖景三公園,121.4638200000,25.1204600000,陽明山公園管理所,聖景路100號內
566,榮光公園,121.5142900000,25.1147200000,陽明山公園管理所,位於北投區榮光里石牌路1段石牌國中對面
747,榮富公園,121.5247268700,25.1142292020,陽明山公園管理所,榮華三路及磺溪旁(過天母橋)
908,榮華公園,121.5219879200,25.1105499270,陽明山公園管理所,明德路150巷3弄
867,福星(公1)公園,121.5123260000,25.1088280000,陽明山公園管理所,文林北路255號
279,稻中公園,121.4892807000,25.1386299130,陽明山公園管理所,中央北路二段334號旁(政校後勤區)
723,稻香公園,121.4885788000,25.1409492490,陽明山公園管理所,位於北投區稻香里新興路72號對面
975,線形公園(一德里),121.4716190000,25.1297960000,陽明山公園管理所,北投區中央北路四段372號對面
976,線形公園(中央北路3段),121.4824400000,25.1368700000,陽明山公園管理所,中央北路三段164號對面
866,線形公園-芝山明德段,121.5171399980,25.1123725020,園藝工程隊(北區分隊),北投區線形公園東華街一段
272,學園公園,121.4663467400,25.1282691960,陽明山公園管理所,學園路、藝術大學門口旁
904,磺港公園,121.5044600000,25.1305120000,陽明山公園管理所,磺港路大興街交口
128,豐年公園,121.4966583300,25.1360092160,陽明山公園管理所,位於北投區豐年里中央北路大業路口
480,關渡公園,121.4636900000,25.1197300000,陽明山公園管理所,知行路210巷底
648,觀海公園,121.4634475700,25.1235809330,陽明山公園管理所,中央北路4段601巷附近
232,嗄嘮別公園,121.4844207800,25.1403503420,陽明山公園管理所,中央北路三段、桃源國小東北側
456,大業綠地(北投163號),121.4905395500,25.1362400050,園藝工程隊(北區分隊),大業路西側大度路口起延伸至大業路517巷旁田埂路
602,中和綠地,121.4988021900,25.1418800350,園藝工程隊(北區分隊),中和街363號附近
370,天溪綠地,121.5301000000,25.1351900000,陽明山公園管理所,行義路58巷33號附近
574,文化綠地,121.4984060000,25.1374490000,園藝工程隊(北區分隊),大業路、永興路一段交叉口
138,北投106號綠地,121.5209045457,25.1110820768,園藝工程隊(北區分隊),建明路165之1及明德路旁(石牌綠地系統)
540,北投120號綠地,121.5011150000,25.1201320000,園藝工程隊(北區分隊),承德路七段400號前(公館路至磺港溪間)
295,北投121號綠地,121.5049896200,25.1166400910,園藝工程隊(北區分隊),承德路七段214號前東側
181,北投122號綠地,121.5089263900,25.1130695340,園藝工程隊(北區分隊),承德路七段168號旁前東側
531,北投123號綠地,121.5038490000,25.1171350000,園藝工程隊(北區分隊),承德路七段前西側(尊賢街267巷口對面起迄立農公園對面)
520,北投124號綠地,121.5063290000,25.1148650000,園藝工程隊(北區分隊),承德路六段到承德路七段(福國路口起迄立賢西路口間)前西側
234,北投135號綠地,121.5103073100,25.1118392940,園藝工程隊(北區分隊),承德路七段上(32巷至石牌路一段間)
176,北投138號綠地,121.5027389500,25.1144199370,園藝工程隊(北區分隊),承德路七段右側，立賢路南側
457,北投139號綠地,121.5031280500,25.1150207520,園藝工程隊(北區分隊),承德路七段右側，立賢路北側
68,北投160號綠地,121.4965860000,25.1353160000,園藝工程隊(北區分隊),大業路二段533-545號前
410,北投161號綠地 (田心仔綠地),121.4949264500,25.1351394650,園藝工程隊(北區分隊),中央北路二段257巷東側，大業路525巷6弄旁
397,北投164號綠地,121.4959793100,25.1334495540,園藝工程隊(北區分隊),大業路東側，十信工高旁
135,北投165號綠地,121.4962387100,25.1317596440,園藝工程隊(北區分隊),大業路452巷
351,北投166號綠地,121.4968719500,25.1305103300,園藝工程隊(北區分隊),大業路東側
58,北投167號綠地,121.4977070000,25.1284050000,園藝工程隊(北區分隊),大業路400號東側
139,北投168號綠地,121.4991912800,25.1243705750,園藝工程隊(北區分隊),大業路50號東側
14,北投169號綠地,121.4995330000,25.1207200000,園藝工程隊(北區分隊),大度路一段，承德路口南側
305,北投181號一德綠地,121.4647674600,25.1239395140,園藝工程隊(北區分隊),大度路三段，中央北路四段(萬善宮旁)
622,北投182號綠地,121.4677276600,25.1233997340,園藝工程隊(北區分隊),大度路三段274號北側
352,北投183號綠地,121.4718627900,25.1230106350,園藝工程隊(北區分隊),大度路三段北側
632,北投185號綠地,121.4649870000,25.1234250000,園藝工程隊(北區分隊),大度路三段南側(關渡派出所後)
729,北投186號綠地,121.4665298500,25.1230297090,園藝工程隊(北區分隊),大度路三段南側，知行路314號旁
471,北投187號綠地,121.4682922400,25.1229095460,園藝工程隊(北區分隊),大度路三段南側
435,北投188號綠地,121.4705581700,25.1227493290,園藝工程隊(北區分隊),大度路三段南側
417,北投191號綠地,121.4808425900,25.1224899290,園藝工程隊(北區分隊),大度路二段北側
246,北投192號綠地,121.4809112500,25.1220893860,園藝工程隊(北區分隊),大度路二段南側
501,北投203號綠地,121.5031000000,25.1206500000,陽明山公園管理所,公館路423巷11-17號前(區段徵收)
834,北投257號綠地(承德3號),121.5121990000,25.1044200000,園藝工程隊(北區分隊),承德路六段上，北投士林科技園區(綠3，區段徵收)
418,北投39號綠地,121.4627770000,25.1219840000,園藝工程隊(北區分隊),聖景路140~150號前
16,北投62號綠地,121.5032150000,25.1293820000,園藝工程隊(北區分隊),磺港路上(清江路177巷口至清江路113巷口)
628,北投63號綠地,121.5033416700,25.1275901790,園藝工程隊(北區分隊),磺港路上(三合橋旁至清江路177巷口)
76,北投64號綠地,121.5032850000,25.1263830000,園藝工程隊(北區分隊),磺港路上(崇仁路一段131巷口至三合橋旁)
238,北投65號綠地,121.5030517600,25.1246891020,園藝工程隊(北區分隊),磺港路上(崇仁路一段155巷口至131巷口)
323,北投66號綠地,121.5029602100,25.1237392430,園藝工程隊(北區分隊),磺港路上(崇仁路一段155巷口兩側)
343,北投69號綠地,121.5120391800,25.1260204320,園藝工程隊(北區分隊),崇仰一路11號旁
545,北投90號綠地,121.5203323400,25.1186199190,園藝工程隊(北區分隊),石牌路二段臺北護理大學圍牆外(榮總對面)
180,北投91號綠地,121.5216369600,25.1190299990,園藝工程隊(北區分隊),石牌路二段上振興街口與天母西路口間(榮總急診入口處對面)
249,北投92號綠地,121.5222778300,25.1192607880,園藝工程隊(北區分隊),石牌路二段與天母西路、天母西路130巷間
484,北投98號綠地,121.5155029300,25.1156597140,園藝工程隊(北區分隊),石牌路二段上(東華街二段起至裕民三路口)
638,永和綠地,121.5279312100,25.1279106140,園藝工程隊(北區分隊),行義路98號附近
186,永欣綠地,121.5269500000,25.1238400000,陽明山公園管理所,石牌路二段371巷3號
836,安明綠地,121.5021330000,25.1356160000,園藝工程隊(北區分隊),光明路157巷2弄1號(七虎公園旁)
675,奇岩4號綠地,121.5055465700,25.1260395050,園藝工程隊(北區分隊),三合路一段，清江國小旁。
672,忠義公園,121.4779205300,25.1350193020,陽明山公園管理所,台北市北投區中央北路四段32號旁
738,承仙綠地,121.5026321400,25.1196804050,陽明山公園管理所,承德路7段.公館路交會東北側
382,明德公園,121.5209808300,25.1072597500,陽明山公園管理所,東華街一段10號附近
717,林投坑(一)綠地,121.4893722500,25.1367492680,園藝工程隊(北區分隊),中央北路二段257號後(貴子坑溪至北投捷運機場北側)
355,林投坑(二)綠地,121.4890976000,25.1365108490,園藝工程隊(北區分隊),中央北路二段257號後(貴子坑溪至北投捷運機場南側)
826,湖山綠地,121.5438304285,25.1517872961,花卉試驗中心,台北市北投區湖山路一段
625,番仔厝綠地,121.4959030200,25.1341304780,園藝工程隊(北區分隊),大業路525巷及517巷之間
160,磅空頂綠地,121.4650726300,25.1229801180,園藝工程隊(北區分隊),大度路三段301巷28弄底，馬偕護校東側(原北投第二號公墓)
637,櫻花崗公園,121.5261600000,25.1234900000,陽明山公園管理所,石牌路二段與天母北路交叉口
604,北投3號廣場,121.4978408800,25.1319599150,園藝工程隊(北區分隊),北投路二段，捷運北投站前廣場(捷運局82年代辦重建)
633,41號公園,121.5644000000,25.1070900000,園藝管理所,中社路雙溪國小對面
245,士林官邸公園,121.5301513700,25.0949001310,園藝管理所,中山北路5段378巷以北/福林路.中山北路交叉口右側(士林官邸)
586,天母公園,121.5305180000,25.1259089000,陽明山公園管理所,臺北市士林區中山北路7段141巷旁
784,天和一號公園,121.5347100000,25.1184400000,園藝管理所,天母東路69巷口
439,天和公園,121.5339889500,25.1198196410,陽明山公園管理所,臺北市士林區天母東路69巷前
103,天壽公園,121.5256861000,25.1140282000,園藝管理所,中山北路六段405巷右側
787,天壽綠地,121.5256861000,25.1140282000,園藝工程隊(北區分隊),中山北路六段405巷右側
877,天壽綠地,121.5256861000,25.1140282000,園藝工程隊(北區分隊),中山北路六段405巷右側.
367,天福2號公園,121.5316085800,25.1170902250,陽明山公園管理所,天母東路8巷25-1號對面
452,外雙溪公園,121.5523910500,25.1012706760,園藝管理所,至善路2段284巷19號
609,仰德一號公園,121.5377807600,25.1000709530,園藝管理所,仰德大道1段2-1號
347,仰德二號公園,121.5382766700,25.0999908450,園藝管理所,仰德大道1段2-2號
294,名山公園,121.5323715200,25.1015491490,陽明山公園管理所,至誠路一段215號旁(雨農橋附近)
191,至善公園,121.5382919300,25.0981903080,園藝管理所,臺北市士林區福林路、至善路口東北側
626,至誠公園,121.5366821300,25.1010894780,園藝管理所,至誠路1段24號對面
440,至德園公園,121.5464019800,25.0984001160,園藝管理所,至善路2段113巷
177,住六(公一)公園,121.5594925005,25.1369139631,花卉試驗中心,臺北市陽明山住六(公一)重劃區  臺北市士林區富館街附近
562,住六(公二)公園,121.5576499443,25.1376053522,花卉試驗中心,陽明山6-6重劃區(臺北市士林區草東街附近)
700,克強公園,121.5219670000,25.1079859640,陽明山公園管理所,臺北市士林區磺溪街55巷
79,志成公園,121.5308600000,25.0966900000,園藝管理所,臺北市士林區中正路與志成街交叉口
39,忠誠公園,121.5257415800,25.1034202580,陽明山公園管理所,臺北市士林區中山北路六段與忠誠路一段交叉口
715,承德公園,121.5219802900,25.0896606450,園藝管理所,大南路138號對面
762,明勝公園,121.5191870000,25.0799680000,園藝管理所,承德路4段6巷56號旁
621,東和公園,121.5336861000,25.1226002000,陽明山公園管理所,臺北市士林區中山北路7段114巷旁
416,社子公園,121.5060272200,25.0903701780,陽明山公園管理所,臺北市士林區永平街20巷11弄3號對面
872,社子島福安里堤防綠地,121.4964373417,25.0981415700,園藝工程隊(北區分隊),延平北路7段106巷52弄口蹄側(士林社子島福安里堤防綠地)
962,社正公園,121.5104217500,25.0874996190,園藝管理所,中正路與重慶北路四段交叉處
682,芝山公園,121.5317764300,25.1023693080,陽明山公園管理所,至誠路一段、雨聲街交叉口
596,花卉試驗中心,121.5444106431,25.1350154328,花卉試驗中心,臺北市士林區仰德大道4段175巷32號
685,前港公園,121.5201556000,25.0860629000,陽明山公園管理所,臺北市士林區前港街與華齡街交叉口
455,美崙公園,121.5172195400,25.0973796840,陽明山公園管理所,臺北市士林區美崙街152巷
200,原住民文化主題公園,121.5507507300,25.1015701290,園藝管理所,臺北市士林區至善路2段221號旁
526,海光公園,121.5078811600,25.0818500520,陽明山公園管理所,臺北市士林區環河北路三段與葫蘆街交口
761,基河公園,121.5240173300,25.0800399780,園藝管理所,基河路14號對面
870,基隆河沖洗溝加蓋綠地,121.5231628400,25.0840492250,園藝工程隊(北區分隊),"承德路,後港街間(基隆河沖洗溝加蓋綠地)."
333,華聲公園,121.5224914600,25.0959796910,園藝管理所,華聲街20號對面
316,華齡公園,121.5231628400,25.0840492250,園藝工程隊(北區分隊),承德路，後港街間
496,新佳公園,121.5194931000,25.0986309050,園藝管理所,文昌路179巷12號對面
783,福中公園,121.5188369800,25.0879192350,園藝管理所,福港街107巷百齡國小附近
290,福志公園,121.5340576200,25.0990505220,園藝管理所,臺北市士林區忠勇街40巷20弄底
221,福林公園,121.5294723500,25.0958004000,園藝管理所,中山北路與福林路交叉口
184,福華公園,121.5189218000,25.0821799000,陽明山公園管理所,通河街325巷北側
737,福順公園,121.5111312900,25.0823497770,園藝管理所,延平北路5段136巷內
741,翠山公園,121.5699500000,25.1084500000,園藝管理所,中央社區翠山街與中社路二段口
503,德仁公園,121.5214614900,25.1026592250,園藝管理所,文林路714巷內
426,德行公園,121.5236511200,25.1051101680,園藝管理所,德行西路30號仰德活動中心旁
865,線形公園-前街,121.5248310000,25.0972140000,園藝管理所,中正路236巷與前街交叉口(淡水捷運高架下方)
864,線形公園-後街,121.5248310000,25.0972140000,園藝管理所,文林路594巷與後街交叉口(淡水捷運高架下方)
363,衛理兒童遊戲場,121.5533065800,25.1023292540,園藝管理所,至善路二段332巷旁
419,磺溪公園,121.5206298800,25.1048793790,園藝管理所,德行西路93巷底
469,雙溪公園,121.5359191900,25.0980396270,園藝管理所,福林路至善路口東南側
734,蘭雅1號公園,121.5291121000,25.1099324000,陽明山公園管理所,臺北市士林區忠誠路2段24號旁
840,蘭雅公園,121.5299190000,25.1097440000,陽明山公園管理所,臺北市士林區忠誠路2段32巷旁
903,蘭興公園,121.5251930000,25.1110290000,陽明山公園管理所,臺北市士林區克強路10巷底
165,209號綠地,121.5280685400,25.0925998690,園藝管理所,中山北路五段東側5米綠帶(原203號公園區段徵收)
722,士林116號綠地,121.5136032100,25.0964603420,園藝工程隊(北區分隊),承德路五段
385,士林117號綠地,121.5139007600,25.0970306400,園藝工程隊(北區分隊),承德路五段
771,士林118號綠地,121.5194625900,25.0931797030,園藝工程隊(北區分隊),基隆河廢河道，中正路北側
258,士林120號綠地,121.5204467800,25.0930595400,園藝工程隊(北區分隊),基隆河廢河道，中正路南側
453,士林121號綠地,121.5158081100,25.0922698970,園藝工程隊(北區分隊),承德路五段
627,士林128號綠地,121.5223465000,25.0846691130,園藝工程隊(北區分隊),前港街10號前
274,士林130號綠地,121.5025863600,25.0895996090,園藝工程隊(北區分隊),延平北路六段271-1號
70,士林131號綠地,121.5055923500,25.0907897950,陽明山公園管理所,"永平街46巷1弄,3弄間"
32,士林132號綠地,121.5068206800,25.0906600950,陽明山公園管理所,延平北路六段110巷
219,士林136號綠地,121.5109100300,25.0869102480,園藝工程隊(北區分隊),百齡橋西側引道三角綠地
555,士林139號綠地,121.5094070400,25.0848693850,園藝工程隊(北區分隊),延平北路五段257巷41號前
780,士林151號綠地,121.5484390300,25.0957603450,園藝工程隊(北區分隊),自強隧道綠地
63,士林156號綠地,121.5548270000,25.1033920000,園藝工程隊(北區分隊),至善國中邊
757,士林173號綠地 (蘭興1號綠地),121.5261993400,25.1128005980,園藝工程隊(北區分隊),中山北路六段士東路口
712,士林179號綠地,121.5294265700,25.1043300630,園藝工程隊(北區分隊),芝山公園石頭公廟綠地
206,士林197號綠地,121.5589640000,25.1361880000,園藝工程隊(北區分隊),永公路245巷34弄
666,士林198號綠地,121.5539200000,25.1410130000,園藝工程隊(北區分隊),中庸一路205巷底
587,士林199號綠地,121.5584564200,25.1405200960,園藝工程隊(北區分隊),永公路245巷34弄西側
326,士林200號綠地,121.5616684000,25.1369800570,園藝工程隊(北區分隊),永公路245巷34弄東側
15,士林201號綠地,121.5606689500,25.1336402890,園藝工程隊(北區分隊),永公路245巷34弄西側(往閻錫山墓園小路兩旁)
143,士林206綠地(番仔田綠地),121.5480270400,25.0979595180,園藝工程隊(北區分隊),故宮路15巷底
38,士林207綠地(番仔田小綠地),121.5483932500,25.0967597960,園藝工程隊(北區分隊),故宮路41巷底
276,士林208號綠地,121.5337677000,25.0973300930,園藝工程隊(北區分隊),"福林路,泰北中學旁"
639,士林4號綠地,121.5462722800,25.1368808750,花卉試驗中心,凱旋路與格致路交叉口
328,士林68號綠地,121.5364303600,25.0990695950,園藝工程隊(北區分隊),福林路、至善路交叉口綠地
751,士林73號綠地 (天美綠地),121.5259704600,25.1215991970,園藝工程隊(北區分隊),天母西路95巷
273,士林75號綠地,121.5294410000,25.1232030000,園藝工程隊(北區分隊),天玉街圓環
277,士林76號綠地,121.5327760000,25.1247250000,園藝工程隊(北區分隊),天母派出所前圓環 (中山北路6段底)
538,士林79號綠地,121.5267791700,25.1155796050,園藝工程隊(北區分隊),中山北路六段405巷21號前.
151,士林80天壽二號,121.5264205900,25.1132602690,園藝工程隊(北區分隊),中山北路六段左側，士東國小對面
655,士林89號綠地,121.5289306600,25.1057701110,園藝工程隊(北區分隊),德行東路104巷口
60,天福綠地,121.5325470000,25.1167507170,園藝工程隊(北區分隊),天母東路22巷23號對面
236,永倫綠地,121.5005264300,25.0915203090,園藝工程隊(北區分隊),倫等街
303,至臨綠地,121.5556030300,25.1042900090,園藝管理所,外雙溪至善路二段290號
665,東吳綠地,121.5427475000,25.0965805050,園藝工程隊(北區分隊),臨溪路旁
617,添壽一號綠地,121.5269012500,25.1167392730,園藝工程隊(北區分隊),天母西路32巷底
196,聖山綠地,121.5323486300,25.1068305970,園藝工程隊(北區分隊),忠義街，德行東路190巷交叉口
187,福文公園,121.5272293100,25.0906505580,陽明山公園管理所,中山北路五段441號
544,福德綠地,121.5122909500,25.0795097350,園藝工程隊(北區分隊),重慶北路四段1巷，高速公路交流道旁
91,士林3號廣場,121.5246124300,25.1045303340,園藝工程隊(北區分隊),忠誠路中山北路六段交叉口西側
708,士林4號廣場,121.5319900500,25.0960502620,園藝工程隊(北區分隊),福林路與雨農路交叉口
591,天母廣場,121.5300827000,25.1187496190,園藝工程隊(北區分隊),中山北路與天母東.西路交接處
61,天生廣場,121.5312500000,25.1261901860,園藝工程隊(北區分隊),中山北路七段219巷旁
748,一江公園,121.5312576300,25.0532798770,圓山公園管理所,一江街31號對面
168,八二三砲戰紀念公園,121.5267715500,25.0767993930,圓山公園管理所,圓山飯店東側
357,力行三號公園,121.5366897600,25.0854301450,圓山公園管理所,"通北街146巷,力行新村附近"
610,下埤公園,121.5422821000,25.0670108800,圓山公園管理所,民族東路512巷內
57,下塔悠公園,121.5595626800,25.0769290920,圓山公園管理所,樂群一路旁，基隆河截彎取直範圍內(平均地權基金)
146,上塔悠公園,121.5520019500,25.0775108340,圓山公園管理所,樂群一路旁，基隆河截彎取直範圍內(平均地權基金)
785,大佳社區公園,121.5376586900,25.0727500920,圓山公園管理所,濱江街154巷對面（高速公路旁）
163,大直公園,121.5472793600,25.0827102660,圓山公園管理所,北安路621巷30號邊
34,中427公園,121.5559921300,25.0803298950,圓山公園管理所,敬業三路與樂群二路交會口
204,中428公園,121.5534850000,25.0784470000,圓山公園管理所,樂群二路30巷內
223,中429公園,121.5558580000,25.0784690000,圓山公園管理所,樂群二路116巷旁
124,中430公園,121.5620803800,25.0782909390,圓山公園管理所,基湖路120巷30弄1至7號對面
80,中431公園,121.5652084400,25.0774002080,圓山公園管理所,基湖路151巷46弄對面
190,中山21號廣場,121.5562820400,25.0807991030,園藝工程隊(北區分隊),"樂群二路旁,基隆河截彎取直範圍內"
746,中吉公園,121.5318374600,25.0563602450,圓山公園管理所,松江路170巷內
958,中安公園,121.5239868200,25.0564899440,圓山公園管理所,中山北路2段65巷2弄內
687,中安公園 A,121.5239868200,25.0564899440,圓山公園管理所,中山北路2段65巷2弄內
624,中原公園,121.5285873400,25.0558109280,圓山公園管理所,吉林路144巷與中原街交口處
782,仁德公園,121.5290832500,25.0531806950,圓山公園管理所,吉林路108巷吉林國小附近
554,四平公園,121.5345077500,25.0532302860,圓山公園管理所,松江路123巷內
679,正守公園,121.5287450000,25.0480510000,圓山公園管理所,長安東路一段56巷
35,民享公園,121.5211105300,25.0592308040,圓山公園管理所,民生西路45巷9弄內
755,永安公園,121.5452117900,25.0791206360,圓山公園管理所,北安路518巷14弄內
106,永直公園,121.5505294800,25.0814704900,圓山公園管理所,北安路608巷14弄1號
250,永靜公園,121.5217819200,25.0615596770,圓山公園管理所,中山北路二段128巷內
437,伊通公園,121.5347671500,25.0501594540,圓山公園管理所,松江路85巷內
280,吉林公園,121.5289306600,25.0508251190,圓山公園管理所,吉林路14巷內
678,合江公園,121.5394821200,25.0586605070,圓山公園管理所,合江街73巷口
592,朱昌公園,121.5388183600,25.0554599760,圓山公園管理所,合江街58巷口
558,朱厝崙公園,121.5410614000,25.0475502010,圓山公園管理所,龍江路21巷內
568,朱崙公園,121.5416870100,25.0493392940,圓山公園管理所,龍江路45巷內
472,江寧公園,121.5394134500,25.0612297060,圓山公園管理所,龍江路286巷
518,自強公園,121.5486030000,25.0860190000,圓山公園管理所,大直街124巷內
77,明水公園,121.5480575600,25.0788192750,圓山公園管理所,北安路538巷1弄1號前
431,林森公園,121.5258712800,25.0523395540,圓山公園管理所,南京東路一段、林森北路右側
441,松江公園,121.5324630700,25.0503692630,圓山公園管理所,松江路90巷
372,松錦1號公園,121.5324040000,25.0601170000,圓山公園管理所,民生東路二段127巷
447,松錦2號公園,121.5320890000,25.0596080000,圓山公園管理所,民生東路二段115巷25弄
90,直安公園,121.5478515600,25.0811996460,圓山公園管理所,北安路573巷內
53,花博公園美術園區,121.5239563000,25.0706005100,圓山公園管理所,中山北路以東，民族東路以北 (原民族公園)
172,花博公園圓山園區,121.5206222500,25.0715694430,圓山公園管理所,捷運圓山站以東、兒育中心以南、爭豔館以北、中山北路以西
691,花博公園新生園區,121.5305023200,25.0685691830,圓山公園管理所,新生北路三段105號.民族東路松江路間
718,金泰公園,121.5651670000,25.0764950000,圓山公園管理所,樂群一路旁，基隆河截彎取直範圍內(平均地權基金)
669,建興公園,121.5381774900,25.0471496580,圓山公園管理所,八德路二段167巷內
306,培英公園,121.5449829100,25.0822696690,圓山公園管理所,北安路501巷實踐大學前
296,康樂公園,121.5251464800,25.0534095760,圓山公園管理所,南京東路一段、林森北路左側
145,復華公園,121.5396804800,25.0531291960,圓山公園管理所,龍江路114巷內
529,晴光公園,121.5245666500,25.0638999940,圓山公園管理所,"雙城街7,13及10巷口"
393,華山公園,121.5258610000,25.0477450000,圓山公園管理所,市民大道二段上
421,進安公園,121.5374679600,25.0458698270,圓山公園管理所,八德路二段146巷內
56,集英公園,121.5213440000,25.0654020000,圓山公園管理所,中山北路三段36巷14弄
839,圓山自然景觀公園,121.5223300000,25.0750550000,圓山公園管理所,台北市中山區玉門街33號
71,敬業公園,121.5560450000,25.0857280000,圓山公園管理所,北安路821巷4弄
136,新喜公園,121.5321884200,25.0654296880,圓山公園管理所,吉林路393巷內
560,新祿公園,121.5296478300,25.0671596530,圓山公園管理所,新生北路3段87巷內
434,新壽公園,121.5299224900,25.0633106230,圓山公園管理所,吉林路301號對面
379,新興公園,121.5246505700,25.0615196230,圓山公園管理所,中山北路二段137巷內
512,農安公園,121.5352630600,25.0652809140,圓山公園管理所,農安街227巷3弄底
647,榮星花園公園,121.5404968300,25.0626506810,圓山公園管理所,榮星花園舊址，民權東路建國北路
262,聚葉公園,121.5272360000,25.0604960000,圓山公園管理所,新生北路二段與錦州街交口(錦州橋下)
189,劍潭公園,121.5245980000,25.0801080000,圓山公園管理所,圓山飯店西側，中山北路四段
702,德惠公園,121.5315628100,25.0674896240,圓山公園管理所,吉林路461巷內
117,撫順公園,121.5219900000,25.0645790000,圓山公園管理所,中山北路三段大同公司前
713,興安公園,121.5417785600,25.0556793210,圓山公園管理所,遼寧街170巷
432,興亞公園,121.5316009500,25.0473804470,圓山公園管理所,長安東路二段36巷內
662,興國公園,121.5419410000,25.0531000000,圓山公園管理所,遼寧街116巷旁
464,遼寧公園,121.5423126200,25.0536003110,圓山公園管理所,遼寧街185巷口
281,錦北公園,121.5358276400,25.0604896550,圓山公園管理所,錦州街275號旁
686,錦州公園,121.5293197600,25.0606193540,圓山公園管理所,錦州街138號對面
123,龍江公園,121.5421600300,25.0598201750,圓山公園管理所,龍江路271巷
407,雙城公園,121.5240173300,25.0673103330,圓山公園管理所,"雙城街40,46及37,43巷口"
324,力行1號綠地,121.5388717700,25.0841007230,園藝工程隊(北區分隊),通北街65巷，大直圓山二村，力行新村附近
365,力行2號綠地,121.5379333500,25.0833492280,園藝工程隊(北區分隊),大直圓山二村，通北街118巷內
499,中山129號綠地,121.5396728500,25.0537204740,園藝工程隊(西區分隊),中山區復華里龍江路118號
547,中山161號綠地,121.5331573500,25.0780696870,園藝工程隊(北區分隊),北安路忠烈祠圓環
731,中山240號綠地,121.5495986900,25.0869693760,園藝工程隊(北區分隊),北安路自強隧道口右側
777,中山381號綠地,121.5472030600,25.0795993800,園藝工程隊(北區分隊),北安路538巷口
88,中山411號綠地,121.5564498900,25.0832901000,園藝工程隊(北區分隊),"敬業三路旁,基隆河截彎取直範圍內"
450,中山412號綠地,121.5564575200,25.0823001860,園藝工程隊(北區分隊),"敬業三路旁,基隆河截彎取直範圍內"
776,中山413號綠地,121.5561981200,25.0833206180,園藝工程隊(北區分隊),"敬業三路旁,基隆河截彎取直範圍內"
166,中山414號綠地,121.5561676000,25.0812606810,園藝工程隊(北區分隊),"敬業三路旁,基隆河截彎取直範圍內"
87,中山415號綠地,121.5526275600,25.0801200870,園藝工程隊(北區分隊),"樂群二路旁,基隆河截彎取直範圍內"
312,中山416號綠地,121.5537719700,25.0800704960,園藝工程隊(北區分隊),"樂群二路旁,基隆河截彎取直範圍內"
656,中山417號綠地,121.5552597000,25.0800704960,園藝工程隊(北區分隊),"樂群二路旁,基隆河截彎取直範圍內"
698,中山418號綠地,121.5573730500,25.0800590520,園藝工程隊(北區分隊),"樂群二路旁,基隆河截彎取直範圍內"
158,中山419號綠地,121.5593414300,25.0800399780,園藝工程隊(北區分隊),"樂群二路旁,基隆河截彎取直範圍內"
422,中山420號綠地,121.5609970100,25.0800495150,園藝工程隊(北區分隊),"樂群二路旁,基隆河截彎取直範圍內"
342,中山421號綠地,121.5621719400,25.0803794860,園藝工程隊(北區分隊),"樂群二路旁,基隆河截彎取直範圍內"
217,中山422號綠地,121.5527420000,25.0798606870,園藝工程隊(北區分隊),"樂群二路旁,基隆河截彎取直範圍內"
321,中山423號綠地,121.5538024900,25.0798397060,園藝工程隊(北區分隊),"樂群二路旁,基隆河截彎取直範圍內"
727,中山424號綠地,121.5549163800,25.0798397060,園藝工程隊(北區分隊),"樂群二路旁,基隆河截彎取直範圍內"
537,中山425號綠地,121.5558166500,25.0798397060,園藝工程隊(北區分隊),"樂群二路旁,基隆河截彎取直範圍內"
608,中山426號綠地,121.5622177100,25.0801105500,園藝工程隊(北區分隊),"樂群二路旁,基隆河截彎取直範圍內"
220,長春綠地,121.5380096400,25.0529003140,園藝工程隊(西區分隊),中山區復華里南京東路3段89巷27弄
307,中山4號廣場,121.5205230700,25.0526103970,園藝工程隊(西區分隊),中山區康樂里中山北路2段41號
239,九華公園,121.5613784800,25.0885906220,花卉試驗中心,內湖路一段91巷39弄35-1號
515,下灣公園,121.5906982400,25.0668106080,花卉試驗中心,內湖成功路二段189號旁
20,上灣公園,121.5958404500,25.0654602050,花卉試驗中心,民權東路六段210巷43號旁
670,大坑公園,121.5987060000,25.0690370000,花卉試驗中心,民權東路六段191巷50號對面
818,大港墘公園,121.5729968000,25.0774149000,花卉試驗中心,台北市內湖區港墘里瑞光路393號
301,大湖公園,121.6026950000,25.0829760000,花卉試驗中心,成功路五段31號
398,山腳公園,121.5799026500,25.0840892790,花卉試驗中心,環山路三段18號對面
433,五分公園,121.6147918700,25.0671195980,花卉試驗中心,安康路448號對面
102,內湖125號公園,121.6112594600,25.0646991730,花卉試驗中心,南湖大橋東側與中山高速公路南側
218,文心公園,121.5841827400,25.0654506680,花卉試驗中心,新湖二路及新湖三路交接處
599,文湖公園,121.5609930000,25.0874270000,花卉試驗中心,內湖路1段91巷35弄40號對面
242,文德3號公園,121.5771179200,25.0750904080,花卉試驗中心,內湖文德路50號至江南街71巷16弄
598,文德二號公園,121.5837402300,25.0778598790,花卉試驗中心,文德路208巷旁
65,仙樹公園,121.5690002400,25.0856094360,花卉試驗中心,環山路1段59巷14弄2號對面
773,北勢湖公園,121.5616836500,25.0837497710,花卉試驗中心,內湖路一段66號旁(環保公園)
108,安泰公園,121.6186370800,25.0740890500,花卉試驗中心,安泰街45巷11弄旁
680,安康公園(下),121.6106185900,25.0672092440,花卉試驗中心,康寧路三段220號南湖高中旁
51,安康公園(上),121.6123809800,25.0671291350,花卉試驗中心,康寧路三段245巷42號前
424,安湖三號公園,121.6156921400,25.0704193120,花卉試驗中心,東湖路113巷49弄5號前
127,安湖公園,121.6154174800,25.0740203860,花卉試驗中心,東湖路113巷141號前
28,行善公園,121.5755767800,25.0532608030,花卉試驗中心,南京東路六段32號旁
643,西安公園,121.5674819900,25.0874500270,花卉試驗中心,環山路一段136巷10弄10號對面
706,西安廣場,121.5608520500,25.0867595670,園藝工程隊(東區分隊),臺北市內湖區文湖街21巷20號對面
612,西康二號公園,121.5639267000,25.0849800110,花卉試驗中心,內湖路1段203巷25號
690,西康公園,121.5643920900,25.0831203460,花卉試驗中心,內湖路一段217巷旁
600,西湖公園,121.5703887900,25.0836105350,花卉試驗中心,內湖路一段387巷3弄5-11號旁(恕德家商旁)
81,扶輪親恩公園,121.5797500600,25.0667095180,花卉試驗中心,民權東路六段30號旁
7,明美公園,121.5861969000,25.0622196200,花卉試驗中心,南京東路六段北側（羊稠小段五期重劃區）
95,東湖一號公園,121.6121368400,25.0755996700,花卉試驗中心,康寧路三段189巷163弄17號前
530,東湖二號公園,121.6109237700,25.0738906860,花卉試驗中心,康寧路三段99巷39弄27號前
588,東湖四號公園,121.6180801400,25.0704498290,花卉試驗中心,康樂街110巷16弄20號(康樂派出所前)
498,金瑞公園,121.5879516600,25.0879592900,花卉試驗中心,金龍路213巷1弄28號前
704,金龍公園,121.5907990100,25.0854321800,花卉試驗中心,金龍路112巷旁(碧湖國小旁)
185,長青公園,121.5817413300,25.0809803010,花卉試驗中心,內湖路二段103巷34號旁
247,南湖一號公園,121.6110916100,25.0691394810,花卉試驗中心,康寧路三段180巷22號對面(環保公園)
318,洲子1號公園,121.5643386800,25.0795707700,花卉試驗中心,臺北市內湖堤頂大道、基湖路交叉口（環保公園、六期重劃）
468,美善公園,121.5785827600,25.0569992070,花卉試驗中心,行善路59巷20弄2號旁
831,畚箕湖公園,121.5600640000,25.0894360000,花卉試驗中心,文湖街21巷84至90號對面
489,康湖二號公園,121.6088000000,25.0740420000,花卉試驗中心,成功路五段450巷23弄23號旁
759,康湖公園,121.6087265000,25.0746803280,花卉試驗中心,成功路五段420巷30號旁
732,康寧公園,121.6095886200,25.0689105990,花卉試驗中心,民權東路六段296巷121號對面
651,清白公園,121.5952835100,25.0816993710,花卉試驗中心,成功路四段167巷16號對面（康寧國小旁）
112,港都公園,121.5752334600,25.0827198030,花卉試驗中心,港華街40號旁(麗山國中後)
383,港華一號公園,121.5735860000,25.0877340000,花卉試驗中心,環山路二段50巷2號旁
369,港華二號公園,121.5738372800,25.0877895360,花卉試驗中心,環山路二段50巷11號旁
541,港華三號公園,121.5750579800,25.0866909030,花卉試驗中心,環山路二段68巷14號麗山活動中心旁
652,港華六號公園,121.5746231100,25.0842609410,花卉試驗中心,港華街85巷21號前
315,港華四號公園,121.5752792400,25.0865306850,花卉試驗中心,環山路二段68巷14號對面
688,港墘公園,121.5764370000,25.0809780000,花卉試驗中心,內湖路一段667巷9號之1
552,游美公園,121.5971984900,25.0645999910,花卉試驗中心,民權東路六段206巷143弄底
302,湖山9號公園,121.6035003700,25.0852203370,花卉試驗中心,大湖山莊街42-56號間
767,湖山八號公園,121.6032714800,25.0839195250,花卉試驗中心,大湖山莊街25號旁
551,湖山三號公園,121.6044693000,25.0871601100,花卉試驗中心,大湖山莊街65巷北側
93,湖山五號公園,121.6008377100,25.0815792080,花卉試驗中心,大湖街158巷39號旁
466,湖山六號公園,121.6018600500,25.0830993650,花卉試驗中心,大湖街166巷24號對面(大湖派出所後方)
607,湖山四號公園,121.6007537800,25.0827007290,花卉試驗中心,大湖街160巷18弄2號對面
230,湖元公園,121.5870208700,25.0682296750,花卉試驗中心,民權東路六段120巷3弄1號對面
829,湖畔公園,121.6014730000,25.0882470000,花卉試驗中心,大湖山莊街177巷1號對面
711,湖聖公園,121.5917663600,25.0697708130,花卉試驗中心,民權東路六段123巷20弄23號前
94,湖興公園,121.5895919800,25.0669307710,花卉試驗中心,成功路二段312巷62號對面
260,湖寶公園,121.5995636000,25.0666008000,花卉試驗中心,民權東路六段228號西側
593,週美綠地,121.5819015500,25.0564002990,園藝工程隊(東區分隊),臺北市內湖區新明路298巷以西至基隆河堤防
49,陽光公園,121.5867190000,25.0767360000,花卉試驗中心,陽光街68巷口北側
646,新明公園,121.5788116500,25.0541305540,花卉試驗中心,新明路428巷13號對面
54,煙波庭公園,121.5992507900,25.0863399510,花卉試驗中心,大湖街131巷18弄61號對面
428,瑞光公園,121.5776825000,25.0711803440,花卉試驗中心,瑞光路132巷旁內（六期重劃區）
430,瑞湖公園,121.5768890400,25.0693092350,花卉試驗中心,民權東路六段19巷底
293,瑞陽公園,121.5793520000,25.0775100000,花卉試驗中心,文德路22巷10號對面
207,碧山公園,121.5919570900,25.0870800020,花卉試驗中心,內湖路三段60巷10號前
488,碧湖公園,121.5842895500,25.0821895600,花卉試驗中心,內湖路二段175號，國立臺灣戲曲學院旁
703,福壽公園,121.5965576200,25.0798091890,花卉試驗中心,星雲街150巷18號旁
533,翠湖公園,121.6021070000,25.0862600000,花卉試驗中心,大湖山莊街117號至147號後面
619,樂活公園,121.6188140000,25.0682440000,花卉試驗中心,康樂街61巷15弄旁
482,樂康公園,121.6206970200,25.0700702670,花卉試驗中心,康樂街61巷73弄24號對面
329,環東公園,121.5429306000,25.0437297820,花卉試驗中心,南京東路六段北側與堤頂大道交叉口
259,麗湖公園,121.5992820000,25.0735390000,花卉試驗中心,金湖路363巷67弄63號對面(四期重劃)
832,寶湖公園,121.5985140000,25.0673280000,花卉試驗中心,民權隧道西側(民權東路六段)
487,內湖110號綠地,121.5800705000,25.0712299350,園藝工程隊(東區分隊),臺北市內湖區瑞光路112巷及76巷旁(六期重劃)
30,內湖117號綠地,121.6018524200,25.0832691190,園藝工程隊(東區分隊),臺北市內湖區大湖山莊街與成功路5段交叉口、大湖設區國宅
569,內湖119號安興綠地,121.5836715700,25.0576992030,園藝工程隊(東區分隊),位於南京東路6段北側，安興街南側
125,文德1號綠地,121.5842132600,25.0785903930,園藝工程隊(東區分隊),臺北市內湖區文德路1號-91號間
52,石潭公園,121.5932083100,25.0631198880,花卉試驗中心,內湖成功路二段東側（麥帥公路兩側）
765,康樂綠地,121.6206131000,25.0749092100,園藝工程隊(東區分隊),臺北市內湖區康樂街191巷旁
724,港華5號綠地,121.5742874100,25.0854492190,園藝工程隊(東區分隊),臺北市內湖區環山路2段62號對面
573,湖興綠地,121.5908966100,25.0689392090,園藝工程隊(東區分隊),臺北市內湖區成功路2段312巷27號旁
140,紫陽綠地,121.5867996200,25.0764102940,花卉試驗中心,臺北市內湖區陽光街55號、內湖高中後面
763,潭美公園,121.5816803000,25.0570106510,花卉試驗中心,新明路298巷16弄起至成功路2段潭美國小旁
75,麗湖綠地,121.6005090000,25.0733740000,花卉試驗中心,金湖路363巷51弄口
85,治磐廣場,121.5663070700,25.0827293400,園藝工程隊(東區分隊),臺北市內湖區內湖路1段285巷8弄2號旁
390,港富廣場,121.5781173700,25.0802993770,園藝工程隊(東區分隊),臺北市內湖區內湖路1段715巷旁
55,灣仔廣場,121.5908966100,25.0689392090,園藝工程隊(東區分隊),臺北市內湖區成功路2段324巷4號旁
291,大同公園,121.5120010400,25.0679798130,圓山公園管理所,延平北路三段99巷
478,大稻埕公園,121.5103683500,25.0586605070,圓山公園管理所,歸綏街241號隔壁
314,大龍公園,121.5155792200,25.0702400210,圓山公園管理所,大龍街244號旁
442,玉泉公園,121.5076522800,25.0499305730,圓山公園管理所,西寧北路28號
556,至聖公園,121.5176925700,25.0711898800,圓山公園管理所,承德路三段210號
114,忠和公園,121.5086135900,25.0578804020,圓山公園管理所,歸綏街250巷
461,哈密公園,121.5155940145,25.0748460039,圓山公園管理所,哈密街59巷
287,建成公園,121.5182266200,25.0540905000,圓山公園管理所,承德路二段35號旁
304,迪化公園,121.5120086700,25.0711097720,圓山公園管理所,迪化街二段243巷
838,國順公園,121.5100250000,25.0662220000,圓山公園管理所,大同區昌吉街131巷西側
341,景化公園,121.5127410900,25.0653591160,圓山公園管理所,伊寧街9巷
486,朝陽公園,121.5131300000,25.0559500000,圓山公園管理所,重慶北路2段70巷旁
271,塔城公園,121.5108032200,25.0507202150,圓山公園管理所,塔城街7號旁
340,蔣渭水紀念公園,121.5167770400,25.0597095490,圓山公園管理所,錦西街51號對面
972,樹德公園,121.5162811300,25.0667991640,圓山公園管理所,大龍街、大同區行政大樓旁
120,歸綏戲曲公園,121.5130920400,25.0579700470,圓山公園管理所,重慶北路2段與歸綏街口
381,蘭州公園,121.5153808600,25.0639591220,圓山公園管理所,蘭州街89巷
193,大同249綠地,121.5114593500,25.0774307250,園藝工程隊(西區分隊),大同區老師里迪化街364巷西北側
525,大同250綠地,121.5098571800,25.0772209170,園藝工程隊(西區分隊),大同區老師里迪化街364巷東南側
517,大同251綠地,121.5118484500,25.0783805850,園藝工程隊(西區分隊),大同區老師里環河北路敦煌路口三角綠地
491,敦煌1號綠地,121.5162887600,25.0747509000,園藝工程隊(西區分隊),大同區重慶里重慶北路3段交流道旁
720,敦煌2號綠地,121.5164413500,25.0769691470,園藝工程隊(西區分隊),大同區老師里敦煌路125號慶昌橋旁
415,大同16號廣場,121.5086135900,25.0563793180,園藝工程隊(西區分隊),大同區永樂里環河北路與民生西路口
510,大稻埕廣場,121.5095367400,25.0550003050,園藝工程隊(西區分隊),大同區永樂里永昌街與迪化街口之霞海城隍廟前
78,六藝廣場,121.5150528000,25.0746898650,園藝工程隊(西區分隊),大同區保安里孔廟西北側及保安宮南側道路
211,太原廣場,121.5166397100,25.0474796300,園藝工程隊(西區分隊),大同區建明里鄭州路與太原路口左右兩側廣場
739,永樂廣場,121.5096588100,25.0546607970,園藝工程隊(西區分隊),大同區永樂里迪化街永樂市場
377,保安廣場,121.5189285300,25.0705509190,園藝工程隊(西區分隊),大同區保安里庫倫街55巷旁(北側)
794,建成圓環,121.5142952000,25.0527604000,園藝工程隊(西區分隊),南京西路與重慶北路口東南側
97,八德公園,121.5457077000,25.0469303130,圓山公園管理所,八德路二段366巷21之1號前
966,三民公園,121.5669632000,25.0613803860,圓山公園管理所,三民路，撫遠街298號
325,三民公園A,121.5669632000,25.0613803860,圓山公園管理所,三民路，撫遠街298號
493,中華公園,121.5524840000,25.0535270000,圓山公園管理所,健康路15巷口
788,民有一號公園,121.5474014300,25.0607700350,圓山公園管理所,敦化北路244巷31號前
288,民有二號公園,121.5463180500,25.0596408840,圓山公園管理所,民生東路三段113巷14號前
659,民有三號公園,121.5476226800,25.0586204530,圓山公園管理所,民生東路三段127巷14號前
874,民福綠地,121.5487900000,25.0627600000,圓山公園管理所,民族東路763號對面
957,民權公園,121.5591735800,25.0619106290,圓山公園管理所,富錦街359巷2弄，民權國小旁
373,吉仁公園,121.5534820600,25.0478096010,圓山公園管理所,八德路3段、延吉街口
570,吉祥公園,121.5640487700,25.0505332950,圓山公園管理所,八德路四段245巷52弄至56弄間
155,安平公園,121.5644912700,25.0530204770,圓山公園管理所,南京東路五段251巷32弄8號旁
161,西松公園,121.5641326900,25.0536899570,圓山公園管理所,三民路、健康路口
459,延壽一號公園,121.5563507100,25.0576305390,圓山公園管理所,光復北路165巷17號前
47,延壽二號公園,121.5527572600,25.0573501590,圓山公園管理所,民生東路四段56巷3弄20號前
650,延壽三號公園,121.5518035900,25.0568695070,圓山公園管理所,敦化北路199巷5號前
796,松基公園,121.5454450000,25.0553690000,圓山公園管理所,興安街174巷旁
860,松榮公園,121.5551070000,25.0602080000,圓山公園管理所,光復北路及富錦街交接處
409,長壽公園,121.5589218100,25.0533695220,圓山公園管理所,健康路174號旁
380,美仁一號公園,121.5534591700,25.0501499180,圓山公園管理所,南京東路四段52巷14號前
22,美仁二號公園,121.5534210200,25.0494995120,圓山公園管理所,八德路三段99巷12～18號前
137,健康公園,121.5688705400,25.0541191100,圓山公園管理所,健康路、松山變電所旁
719,婦聯公園,121.5597305300,25.0546894070,圓山公園管理所,延壽街330巷20弄
506,富民生態公園,121.5643386800,25.0601501460,圓山公園管理所,新東街41之7號
226,富錦一號公園,121.5590286300,25.0588893890,圓山公園管理所,民生東路五段69巷2弄旁
110,富錦二號公園,121.5596237200,25.0596103670,圓山公園管理所,民生東路5段69巷2弄27號旁
445,富錦三號公園,121.5588989300,25.0602397920,圓山公園管理所,民生東路5段69巷4弄11號旁、富錦街374號
532,富錦五號公園,121.5535430900,25.0588493350,圓山公園管理所,民生東路四段97巷4弄20號旁
396,富錦六號公園,121.5529022200,25.0582103730,圓山公園管理所,民生東路四段105號旁
92,復盛公園,121.5614700300,25.0474796300,圓山公園管理所,市民大道五段99號、八德路四段106巷
169,復源公園,121.5544815100,25.0464897160,圓山公園管理所,光復南路22巷至32巷間
346,敦中公園,121.5458908100,25.0499000550,圓山公園管理所,敦化北路4巷31號邊
253,敦化公園,121.5504837000,25.0464096070,圓山公園管理所,八德路三段12巷52弄2之1號邊
716,敦北公園,121.5515670800,25.0612297060,圓山公園管理所,敦化北路、民權東路口
100,新中公園,121.5608673100,25.0605201720,圓山公園管理所,新中街、富錦街口
40,新東公園,121.5683670000,25.0587997440,圓山公園管理所,民生東路五段、撫遠街口
444,寧安公園,121.5548706100,25.0503501890,圓山公園管理所,寧安街50巷、育達商職第二校區前
389,精忠2號公園,121.5528488200,25.0563907620,圓山公園管理所,民生東路四段80巷旁
694,精忠公園,121.5521698000,25.0593395230,圓山公園管理所,民生東路四段97巷6弄2號旁
462,慶城公園 A,121.5463867200,25.0532703400,圓山公園管理所,慶城街16巷、南京東路3段303巷
144,撫遠公園,121.5669479400,25.0644493100,圓山公園管理所,撫遠街367巷至389巷底
107,舊宗1號公園 ( 新東農園 ),121.5688629200,25.0619506840,圓山公園管理所,撫遠街，撫遠街抽水站旁
337,舊宗2號公園,121.5699996900,25.0549106600,圓山公園管理所,撫遠街，松山抽水站兩側
225,鵬程公園,121.5686721800,25.0555191040,圓山公園管理所,健康路325巷6弄底
606,寶清公園,121.5676422100,25.0521202090,圓山公園管理所,寶清街85號對面
353,松山121號綠地三民圓環,121.5625686600,25.0591602330,園藝工程隊(東區分隊),臺北市松山區民生東路五段三民路口
104,大理公園,121.4936599700,25.0341396330,青年公園管理所,環河南路二段125巷口
636,寺前公園,121.4992065400,25.0335407260,青年公園管理所,西園路一段282-2號(萬華火車站新站旁)
311,老松公園,121.5027389500,25.0385208130,青年公園管理所,桂林路與永福街之間(老松國小對面)
133,西園公園,121.4965362500,25.0263900760,青年公園管理所,東園街67巷及73巷之間(西園國小對面)
813,孝德公園,121.4942500000,25.0241240000,青年公園管理所,臺北市萬華區寶興街140巷17弄
156,和平青草園(原萬華402號公園),121.4972076400,25.0326595310,青年公園管理所,西園路一段與艋舺大道交叉口
26,東園公園,121.4952468900,25.0209503170,青年公園管理所,萬大路424巷及486巷68弄之間
584,長沙公園,121.4999237100,25.0415000920,青年公園管理所,環河南路一段、長沙街二段交口
695,長順公園,121.4890289300,25.0318508150,青年公園管理所,長順街46巷旁
511,青山公園,121.4983062700,25.0393695830,青年公園管理所,華西街8號旁
590,保德公園,121.4974670400,25.0227909090,青年公園管理所,東園街154巷旁
775,柳鄉公園,121.4954376200,25.0372600560,青年公園管理所,環河南路二段100巷內
611,桂林公園,121.4968185400,25.0389099120,青年公園管理所,環河南路二段與桂林路交口
697,華江一號公園,121.4941101100,25.0358905790,青年公園管理所,和平西路三段309巷與環河南路二段158巷間
203,華江二號公園,121.4940850000,25.0358640000,青年公園管理所,環河南路二段154、156、158巷間
735,華江八號公園,121.4926834100,25.0340595250,青年公園管理所,環河南路二段250巷28弄旁
371,華西公園,121.4986572300,25.0386695860,青年公園管理所,華西街21巷內(桂林路與華西街口)
386,新糖廍公園(糖廍文化園區),121.4946462926,25.0335490551,青年公園管理所,大理街160巷旁
99,萬華51號公園,121.5029220600,25.0359401700,園藝工程隊(西區分隊),萬華區富福里西園路1段與大理街交叉口
766,壽德公園,121.5011367800,25.0244293210,青年公園管理所,萬青街118巷旁
502,福星公園,121.5059127800,25.0460700990,青年公園管理所,漢口街與昆明街交叉口
594,綠堤公園,121.4928970300,25.0332107540,青年公園管理所,環河南路二段159巷邊
772,聚德公園,121.4947204600,25.0348892210,青年公園管理所,大理街175巷及和平西路三段286巷1弄間
507,艋舺公園,121.4999117105,25.0360378506,青年公園管理所,"廣州街,西園路交叉口.(原龍山寺公園)"
623,糖廍公園,121.4946526053,25.0343931129,青年公園管理所,大理街175巷內
320,錦德公園,121.4923629800,25.0233001710,青年公園管理所,德昌街與西園路二段281巷交叉口
443,萬華266號綠地,121.5030975300,25.0391597750,園藝工程隊(西區分隊),萬華區菜園里康定路與貴陽街2段交叉口
405,西本願寺（萬華406號）廣場,121.5070800800,25.0403003690,園藝工程隊(西區分隊),臺北市中華路1段及長沙街2段交會處
374,二二八和平公園,121.5142970000,25.0422860000,青年公園管理所,凱達格蘭大道3號
465,中央藝文公園,121.5268560000,25.0462720000,青年公園管理所,北平東路30號前
344,介壽公園,121.5146331800,25.0392608640,青年公園管理所,凱達格蘭大道西側，總統府前
420,文光公園,121.5308532700,25.0390396120,青年公園管理所,仁愛路二段65巷1弄口
37,文盛公園,121.5321197500,25.0161705020,青年公園管理所,羅斯福路三段284巷1號前
882,水源町公園,121.5346044020,25.0118701542,園藝工程隊(隊部),臺北市中正區汀州路三段104巷40弄6號
384,永昌公園,121.5099563600,25.0262298580,青年公園管理所,寧波西街181巷30號前
115,永福公園,121.5320980000,25.0098010000,青年公園管理所,福和橋邊，基隆路汀州路口
595,忠孝公園,121.5320205700,25.0418300630,青年公園管理所,忠孝東路二段134巷對面
358,信愛公園,121.5287628200,25.0349102020,青年公園管理所,臨沂街75巷11號
8,南昌公園,121.5202026400,25.0268192290,青年公園管理所,南昌路二段與和平西路一段交口
74,牯嶺公園,121.5186767600,25.0231208800,青年公園管理所,牯嶺街141號前
243,連雲公園,121.5318222000,25.0352096560,青年公園管理所,連雲街37巷與新生南路一段146巷交口.
645,逸仙公園,121.5200271600,25.0477008820,青年公園管理所,北平西路，中山北路口
764,齊東公園,121.5282974200,25.0417499540,青年公園管理所,齊東街53巷巷口.
613,黎明公園,121.5155563400,25.0441398620,青年公園管理所,南陽街38巷5號前
338,螢橋公園,121.5172500600,25.0267200470,青年公園管理所,和平西路1段116號
470,中正138號綠地,121.5145111100,25.0378398900,園藝工程隊(西區分隊),愛國西路林園道
795,北門廣場,121.5116831000,25.0480021000,園藝工程隊(西區分隊),忠孝西路與中華路一段東南側
354,交7廣場,121.5167617800,25.0464706420,園藝工程隊(西區分隊),中正區黎明里忠孝西路與公園路口（臺北車站南1門、南2門、南3門前）
391,交通4號廣場,121.5188064600,25.0473804470,園藝工程隊(西區分隊),中正區黎明里市民大道旁、逸仙公園西側
618,交通8號廣場,121.5165100100,25.0503196720,園藝工程隊(西區分隊),中正區黎明里忠孝西路與重慶北路口西側
793,行旅廣場,121.5132041000,25.0477977000,園藝工程隊(西區分隊),忠孝西路與重慶北路一段路口東北側
653,瑠公公園,121.5457229600,25.0424098970,青年公園管理所,復興南路1段135巷與大安路1段路口
412,瑠公圳公園,121.5431213400,25.0436096190,青年公園管理所,復興南路至建國南路
614,大安公園,121.5428085300,25.0427608490,青年公園管理所,安東街.復興南路1段126巷內
154,大安森林公園,121.5358429000,25.0333004000,青年公園管理所,"新生南路以東,信義路三段以南"
705,大學公園,121.5328979500,25.0219097140,青年公園管理所,溫州街46巷
105,仁慈公園,121.5457077000,25.0341300960,青年公園管理所,大安路1段224巷口
19,仁愛公園,121.5462417600,25.0366191860,青年公園管理所,大安路1段169巷
122,仁愛圓環,121.5496826200,25.0376300810,園藝工程隊(南區分隊),仁愛路與敦化南路交會處之圓環
689,公館公園,121.5407910799,25.0114267237,青年公園管理所,羅斯福路4段113巷內
543,古風公園,121.5290527300,25.0219707490,青年公園管理所,龍泉街108號對面
13,古莊公園,121.5282135000,25.0227298740,青年公園管理所,師大路92巷內
300,四維公園,121.5453262300,25.0306301120,青年公園管理所,瑞安街23巷24弄
201,平安公園,121.5493164100,25.0319595340,青年公園管理所,敦化南路2段37巷旁
336,民榮公園,121.5356979400,25.0354003910,青年公園管理所,新生南路1段157巷19號
252,民輝公園,121.5350570700,25.0395107270,青年公園管理所,仁愛路3段5巷3弄18號
188,永康公園,121.5297164900,25.0316200260,青年公園管理所,永康街17巷口
549,光信公園,121.5558013900,25.0355606080,青年公園管理所,延吉街241號
298,全安公園,121.5512085000,25.0254592900,青年公園管理所,和平東路3段119巷15號對面
548,安東公園,121.5448226900,25.0289306640,青年公園管理所,復興南路2段125巷20弄
109,安祥公園,121.5427322400,25.0345401760,青年公園管理所,信義路3段157巷10弄
414,辛亥一號公園,121.5326614400,25.0227108000,青年公園管理所,溫州街30巷14號
42,和平公園,121.5425186200,25.0234909060,青年公園管理所,和平東路2段118巷6弄
476,和安公園,121.5444793700,25.0345096590,青年公園管理所,復興南路1段313巷
322,居安公園,121.5493316700,25.0296802520,青年公園管理所,敦化南路2段81巷口右側
752,延吉公園,121.5557708700,25.0425701140,青年公園管理所,延吉街131巷
64,昌隆公園,121.5357132000,25.0437603000,青年公園管理所,市民大道與建國南路交叉口
451,東豐公園,121.5448608400,25.0357799530,青年公園管理所,復興南路1段279巷
631,法治公園,121.5529174800,25.0269107820,青年公園管理所,通化街186巷
210,臥龍公園,121.5498886100,25.0167007450,青年公園管理所,卧龍街118巷辛亥路3段交叉口
130,虎嘯公園,121.5492782600,25.0225296020,青年公園管理所,敦化南路2段319號旁
837,金山公園,121.5247560551,25.0309597984,青年公園管理所,金山南路二段92巷底
843,金杭公園,121.5268770542,25.0329003787,青年公園管理所,金山南路二段30巷
46,金華公園,121.5311737100,25.0295906070,青年公園管理所,金華街164巷1弄3號
644,附中公園,121.5422592200,25.0363407140,青年公園管理所,信義路3段147巷內
208,青峰公園,121.5514068600,25.0156993870,青年公園管理所,辛亥路3段239號邊
194,師大公園,121.5283737200,25.0245990750,青年公園管理所,師大路浦城街口
728,泰順公園,121.5316391000,25.0246200560,青年公園管理所,泰順街27巷旁
227,通化公園,121.5545578000,25.0321598050,青年公園管理所,文昌街與通化街口
310,富陽自然生態公園,121.5574880000,25.0166740000,青年公園管理所,富陽街底、聯勤彈葯庫舊址
376,敦仁公園,121.5469086971,25.0404019091,青年公園管理所,敦化南路1段236巷與仁愛路4段71巷交口
248,敦安公園,121.5537033100,25.0344600680,青年公園管理所,信義路四段265巷12弄
195,敦親公園,121.5409088100,25.0226593020,青年公園管理所,和平東路2段96巷底
345,新龍公園,121.5401611300,25.0276508330,青年公園管理所,台北市大安區瑞安街214巷
362,溫州公園,121.5313415500,25.0188007350,青年公園管理所,羅斯福路3段283巷與新生南路3段86巷交叉口
721,瑞安公園,121.5393524200,25.0261306760,青年公園管理所,瑞安街155巷口
199,群賢公園,121.5465698200,25.0254001620,青年公園管理所,和平東路2段311巷43弄
642,誠安公園,121.5409088100,25.0424900050,青年公園管理所,忠孝東路3段237巷
620,嘉興公園,121.5519485500,25.0213699340,青年公園管理所,樂業街與嘉興街口
286,寧馨公園,121.5334930400,25.0443496700,青年公園管理所,八德路2段台北科大北側
684,福州山公園,121.5516128500,25.0158901210,青年公園管理所,辛亥路三段、興隆超市旁(福州山)
254,德安公園,121.5477752700,25.0348796840,青年公園管理所,四維路52巷
212,黎孝公園,121.5559921300,25.0197601320,青年公園管理所,和平東路3段308巷15弄
858,黎和生態公園,121.5600020000,25.0151280000,青年公園管理所,和平東路3段512巷底
73,錦安公園,121.5279464700,25.0279808040,青年公園管理所,金山南路2段203巷及麗水街口
436,龍生公園,121.5413970900,25.0260105130,青年公園管理所,和平東路二段175巷內
244,龍門公園,121.5366821300,25.0242595670,青年公園管理所,建國南路2段308巷
24,龍陣一號公園,121.5425415000,25.0275897980,青年公園管理所,復興南路2段180巷15弄
270,龍陣二號公園,121.5424881000,25.0292396550,青年公園管理所,瑞安街61號
237,龍圖公園,121.5416030900,25.0304908750,青年公園管理所,復興南路2段78巷42弄
965,龍鳳公園,121.5432735481,25.0256109235,青年公園管理所,復興南路二段、和平東路二段219巷口
779,臨江公園,121.5557403600,25.0281600950,青年公園管理所,基隆路2段132巷13號
964,麗水公園,121.5280876000,25.0319144700,青年公園管理所,金華街199巷9弄
550,大安125號綠地,121.5336837800,25.0444202420,園藝工程隊(南區分隊),八德路，中央圖書館台灣分館(國立台北工專前)
131,大安195號綠地,121.5314331100,25.0200195310,園藝工程隊(南區分隊),臺北市大安區溫州街58巷
269,黎和綠地,121.5605697600,25.0159301760,園藝工程隊(南區分隊),台北市大安區臥龍街324號
164,錦華綠地,121.5295791600,25.0295791630,園藝工程隊(南區分隊),金華街，永康街55巷交叉口
33,三張里公園,121.5667266800,25.0309295650,南港公園管理所,松平路77號旁
98,三犁公園,121.5700225800,25.0297794340,南港公園管理所,信義路五段150巷14弄旁
429,三興公園,121.5595474200,25.0285797120,南港公園管理所,吳興街156巷40弄與吳興街118巷間
197,中全公園,121.5748901400,25.0385894780,南港公園管理所,虎林街164巷與松德路邊
519,中興公園,121.5592498800,25.0342693330,南港公園管理所,基隆路一段380巷 與光復南路473巷旁
750,五分埔公園,121.5801010100,25.0469398500,南港公園管理所,中坡北路、松隆路口(松山車站前)
709,五常公園,121.5743408200,25.0476894380,南港公園管理所,松隆路272號與永吉路225巷邊
671,四育公園,121.5751419100,25.0467605590,南港公園管理所,虎林街50巷與永吉路321巷邊
571,永吉公園,121.5750427200,25.0435905460,南港公園管理所,永吉路278巷57弄內
559,永春公園,121.5791168200,25.0422992710,南港公園管理所,忠孝東路五段703巷1弄與松山路393巷
851,永春陂濕地公園,121.5800690000,25.0328120000,南港公園管理所,松山路松山家商旁
118,永春崗公園,121.5775909400,25.0317096710,南港公園管理所,信義區松山路656巷2號旁
508,交五,121.5741500900,25.0492095950,南港公園管理所,信義區市民大道六段（松信路至虎林街）
663,安強公園,121.5753402700,25.0366897580,南港公園管理所,虎林街202巷66弄
394,吳興公園,121.5679397600,25.0232906340,南港公園管理所,吳興街432巷114號
681,念儒公園,121.5737609900,25.0377197270,南港公園管理所,忠孝東路五段236巷37弄底
873,林口2號綠地(松光),121.5788200000,25.0399000000,園藝工程隊(南區分隊),松山路465巷
733,林口公園,121.5789489700,25.0390605930,南港公園管理所,松山路515巷
31,松友公園,121.5761489900,25.0339107510,南港公園管理所,信義路六段76巷2弄
378,松壽廣場,121.5660781900,25.0373897550,南港公園管理所,松智路右側(信義計畫區)
658,松德公園,121.5732879600,25.0360202790,南港公園管理所,信義區松德路180巷8之1號對面
222,虎林公園,121.5772934000,25.0314807890,南港公園管理所,信義路六段76巷8弄與松德路307巷
392,信義352號公園 (松智公園),121.5655136100,25.0358200070,園藝工程隊(南區分隊),信義區松智路1號
17,信義安康公園,121.5700683600,25.0357208250,南港公園管理所,信義區松勇路47號旁
339,春光公園,121.5807418800,25.0422306060,南港公園管理所,忠孝東路五段、林口街口
183,革新公園,121.5673675500,25.0438308720,南港公園管理所,基隆路一段109巷與松隆路邊
308,泰和公園,121.5681991600,25.0231399540,南港公園管理所,吳興街583巷與600巷67弄間
454,眷村文化公園,121.5617523200,25.0316390990,南港公園管理所,松勤路與莊敬路交口
664,富台公園,121.5722427400,25.0420703890,南港公園管理所,"松信路,虎林街120巷交叉口"
868,富生1號公園,121.5698486381,25.0422291931,南港公園管理所,永吉路30巷167弄底
869,富生2號公園,121.5696237077,25.0423805333,南港公園管理所,永吉路30巷157弄底
449,富生公園,121.5698471100,25.0420894620,南港公園管理所,永吉路30巷167弄底
615,惠安公園,121.5646209700,25.0245494840,南港公園管理所,吳興街320巷65號前
475,景平公園,121.5639419600,25.0298900600,南港公園管理所,莊敬路289巷口
575,景勤1號公園,121.5602569600,25.0263309480,南港公園管理所,吳興街220巷59弄旁(台北醫學院斜對)
241,景勤2號公園,121.5574874900,25.0260391240,南港公園管理所,信義區嘉興街181巷21號對面
563,象山公園,121.5700912500,25.0304107670,南港公園管理所,信義區信義路5段150巷
768,雅祥公園,121.5718307500,25.0475692750,南港公園管理所,松信路與基隆路一段35巷7弄邊
581,福祥公園,121.5705032300,25.0460395810,南港公園管理所,永吉路127巷與松隆路99號邊
395,福德公園,121.5818481400,25.0382404330,南港公園管理所,福德街與大道路口
404,黎忠公園,121.5593719500,25.0190792080,南港公園管理所,和平東路三段435巷7弄
111,黎富公園,121.5567016600,25.0210094450,南港公園管理所,富陽街92號前
583,黎雙公園,121.5634689300,25.0249805450,南港公園管理所,吳興街284巷22弄(北醫南側)
852,糶米公園,121.5724680000,25.0186140000,南港公園管理所,吳興街600巷旁
524,太子綠地,121.5770721400,25.0451908110,園藝工程隊(南區分隊),永吉路與虎林街交叉處
6,交六,121.5708694500,25.0493297580,南港公園管理所,市民大道6段(松信路至基隆路一段間)
375,松光綠地,121.5785293600,25.0394992830,園藝工程隊(南區分隊),台北市信義區松山路465巷4號
132,松隆綠地,121.5801086400,25.0349597930,園藝工程隊(南區分隊),松山商職西南側松山路650巷
213,信義350綠地,121.5625686600,25.0392303470,園藝工程隊(南區分隊),松高路及基隆路交叉
649,信義351號綠地,121.5654373200,25.0391807560,園藝工程隊(南區分隊),松高路本線基隆路口至松仁路口
425,信義353號綠地 (松仁綠地),121.5677185100,25.0327491760,園藝工程隊(南區分隊),信義路五段南側與松仁路西側間
101,信義354號綠地,121.5684204100,25.0294609070,園藝工程隊(南區分隊),松仁路東側，信義路北側
714,信義355號綠地,121.5683364900,25.0308990480,園藝工程隊(南區分隊),松仁路東側、信義路五段南側
179,信義356號綠地,121.5737075800,25.0333805080,園藝工程隊(南區分隊),信義路五段北側、松德路西側
153,信義382號綠地 (惠安水與綠生活綠地),121.5682373000,25.0233592990,園藝工程隊(南區分隊),吳興街432巷37弄
582,崇德綠地,121.5554504400,25.0242195130,園藝工程隊(南區分隊),台北市信義區嘉興街270號
264,黎平綠地,121.5571212800,25.0231895450,園藝工程隊(南區分隊),臺北市崇德街146巷17號
23,市民廣場,121.5627517700,25.0366401670,南港公園管理所,信義區市府路1號對面
149,忠信廣場,121.5679092400,25.0405406950,南港公園管理所,忠孝東路與松仁路交叉口(信義計畫區)
83,信義20號廣場,121.5775833100,25.0487499240,園藝工程隊(南區分隊),市民大道與松隆路及松山路
605,信義21號廣場,121.5644683800,25.0347309110,園藝工程隊(南區分隊),信義計畫、市府路
481,信義廣場,121.5660400400,25.0334796910,南港公園管理所,松智路與信義路交叉口(信義計畫區)
45,厚生廣場,121.5680999800,25.0434093480,園藝工程隊(南區分隊),永吉路30巷102弄與松隆路旁
740,景聯廣場,121.5614013700,25.0325202940,園藝工程隊(南區分隊),臺北市吳興街7巷
539,三重世貿公園,121.6153869600,25.0579299930,南港公園管理所,南港區經貿二路106巷
309,中南公園,121.6154708900,25.0512199400,南港公園管理所,忠孝東路七段596巷中南社區東側山坡上
601,中研公園,121.6130523700,25.0468902590,南港公園管理所,南港區研究路2段12巷58弄
231,中興公園,121.6148529100,25.0442008970,南港公園管理所,研究院路二段98巷
473,六福公園,121.6165084800,25.0472602840,南港公園管理所,研究院路二段35巷23弄
616,四分河濱公園,121.6156921400,25.0486297610,南港公園管理所,南港區研究院路2段2巷54弄
774,市民公園,121.5817337000,25.0492897030,南港公園管理所,玉成街38巷東北側，東新街12巷南側
630,玉成公園,121.5855026200,25.0425491330,南港公園管理所,南港區中坡南路55號
791,玉東公園,121.5841560000,25.0501880000,南港公園管理所,東新街與市民大道交叉口
683,合成18號綠園,121.5829162600,25.0462608340,園藝工程隊(東區分隊),臺北市忠孝東路6段玉成街口至東新街口
460,合成8號綠園,121.5937881500,25.0508308410,園藝工程隊(東區分隊),臺北市南港區東新街至忠孝東路6段449號
474,合成公園,121.5811386100,25.0450992580,南港公園管理所,永吉路536巷與中坡北路交叉口
233,合樂公園,121.5818862900,25.0485000610,南港公園管理所,玉成街(原南隆鐵工廠)
96,百福公園,121.5885391200,25.0379390720,南港公園管理所,福德街309巷19號對面
366,幸福公園,121.6160507200,25.0460205080,南港公園管理所,研究院路二段35巷旁交通資訊:公車圓拱橋站步行約3分鐘
255,昆陽公園,121.5942001300,25.0487194060,南港公園管理所,昆陽街171巷1-5弄東側、龍華路南側
401,東坡公園,121.5933075000,25.0452308650,南港公園管理所,東新街170巷5號後側
292,東明公園,121.6036377000,25.0548000340,南港公園管理所,南港路二段86巷9弄
730,東陽公園,121.6037368800,25.0574398040,南港公園管理所,臺北市南港區重陽路187巷旁
48,南汐公園,121.6176910400,25.0546798710,南港公園管理所,南港路一段與研究路一段交叉口
297,南港公園,121.5919113200,25.0430698390,南港公園管理所,南港區東新街170之1號
126,南興公園,121.6069030800,25.0540199280,南港公園管理所,南港路一段360號南側交通資訊:公車南港行政中心站旁，或捷運南港站、臺鐵南港站步行約5分鐘
359,後山埤公園,121.5899505600,25.0437107090,南港公園管理所,南港區東新街170之1號
283,胡適公園,121.6179122900,25.0399208070,南港公園管理所,南港區研究院路2段130號對面
516,重陽公園,121.5991516100,25.0562000270,南港公園管理所,臺北市南港區重陽路120號旁交通資訊:公車中國電視公司站旁
198,理想公園,121.6215896600,25.0398693080,南港公園管理所,舊莊街一段145巷6弄28號交通資訊:公車舊莊國小站步行約3分鐘
492,瓶蓋印象公園,121.6062260000,25.0537190000,南港公園管理所,南港區興華路、市民大道口
12,港後公園,121.6153793300,25.0627498630,南港公園管理所,臺北市南港區經貿二路255巷交通資訊:公車南港軟體園區北站步行約3分鐘，或捷運南港展覽館站步行約15
86,湧聲公園,121.5927581800,25.0432796480,南港公園管理所,東新街170巷(自辦重劃區)
134,新勝公園,121.5931625400,25.0488491060,南港公園管理所,昆陽街152巷33號
327,新富公園,121.6169586200,25.0530300140,南港公園管理所,研究院路一段65巷交通資訊:誠正國中公車站步行約3分鐘，或捷運南港展覽館站步行約10分鐘
790,新新公園,121.5887520000,25.0513910000,南港公園管理所,南港路三段109巷南側
406,萬福公園,121.5844497700,25.0462493900,南港公園管理所,忠孝東路六段70巷10號對面
744,經貿公園,121.6163635300,25.0625801090,南港公園管理所,臺北市南港區經園街66號前 交通資訊:公車南港軟體園區北站步行約3分鐘，或捷運南港展覽館站步行約15
494,福山公園,121.6178512600,25.0447006230,南港公園管理所,研究院路二段61巷1弄16號交通資訊：公車中研院站步行約3分鐘
266,興南公園,121.5973968500,25.0551204680,南港公園管理所,興南街與重陽路交叉口交通資訊:搭乘公車紅32605副線至興華路站步行約3分鐘即可到達搭乘捷運捷運至捷
116,興華公園,121.6047897300,25.0567703250,南港公園管理所,興華路114巷交通資訊:公車興華路站步行約3分鐘，或捷運南港站、臺鐵南港站步行約15分鐘
862,錫口廊道,121.5799313646,25.0510065705,南港公園管理所,南港區南港路三段與八德路四段交界
41,聯成公園,121.5872192400,25.0465908050,南港公園管理所,忠孝東路六段250巷1弄
152,舊莊公園,121.6202697800,25.0413703920,南港公園管理所,舊莊街一段145巷12號前交通資訊:公車舊莊國小站步行約3分鐘
673,九如綠地,121.6163101200,25.0385608670,園藝工程隊(東區分隊),臺北市南港區研究院路二段150巷底、四分溪旁
603,四分綠地,121.6150019505,25.0358818875,園藝工程隊(東區分隊),左至研究院路三段68巷北側右至凌雲街北側
364,向陽綠地,121.5928726200,25.0569591520,園藝工程隊(東區分隊),臺北市南港區向陽路199巷旁、成功路1段79號
749,成福綠地,121.5929489100,25.0453701020,園藝工程隊(東區分隊),臺北市南港區東新街170巷口、南港公園旁
789,成德綠地,121.5874633800,25.0464496610,園藝工程隊(東區分隊),臺北市南港區東新街100號之1
72,東明綠地,121.6006927500,25.0542697910,園藝工程隊(東區分隊),臺北市南港路二段72巷21弄
640,東新綠地,121.6024475100,25.0535907750,園藝工程隊(東區分隊),臺北市南港區南港路二段104號
413,南深綠地,121.6231613200,25.0379295350,園藝工程隊(東區分隊),臺北市南港區舊莊街一段231號旁
667,南港29號綠地,121.6172332800,25.0423908230,園藝工程隊(東區分隊),臺北市南港區研究院路二段、舊莊街一段交叉路口
427,南港65號園區綠地,121.6142196700,25.0590305330,園藝工程隊(東區分隊),臺北市南港區三重路21巷
335,新坡綠地,121.6177520800,25.0356101990,園藝工程隊(東區分隊),臺北市南港區研究院路二段213巷2號前
205,新南綠地,121.6065521200,25.0518493650,園藝工程隊(東區分隊),臺北市南港區忠孝東路七段398號
692,新陽綠地,121.6034164400,25.0569305420,園藝工程隊(東區分隊),臺北市南港區興南街272巷3號對面
256,合心廣場,121.5834579500,25.0466098790,園藝工程隊(東區分隊),臺北市南港區玉成街與忠孝東路六段交叉口
216,南港五號廣場,121.5998001100,25.0540695190,園藝工程隊(東區分隊),臺北市南港區南港路二段以南，178巷對面
147,140高地,121.5696029700,25.0035800930,南港公園管理所,文山區萬寧街125號
36,久康公園,121.5645828200,24.9893493650,南港公園管理所,久康街39號
162,小坑1號公園,121.5852279700,24.9833793640,南港公園管理所,萬壽路旁，木柵二期重劃區內
356,文山(景美)49號公園,121.5478515600,24.9958896640,南港公園管理所,景華街128巷3弄旁
696,文山木柵59號公園,121.5825805700,24.9852600100,南港公園管理所,台北市指南路二段225巷旁
861,文山森林公園,121.5483220000,25.0043500000,南港公園管理所,臺北市文山區福興路95巷
348,木南公園,121.5708389300,24.9865303040,南港公園管理所,木新路2段43巷1號旁
331,木柵公園,121.5604629500,24.9869499210,南港公園管理所,文山區興隆路4段50號
485,木新公園,121.5580368000,24.9822196960,南港公園管理所,木新路3段278巷7弄11號對面
693,木榮公園,121.5686569200,24.9846401210,南港公園管理所,保儀路129號(景文高中後門邊)
564,水景公園,121.5868377700,24.9869804380,南港公園管理所,政大一街與政大二街間
578,仙岩公園,121.5493621800,24.9979705810,南港公園管理所,仙岩路16巷36號
500,光明公園,121.5547103900,24.9864692690,南港公園管理所,下崙路與光輝路口
781,光輝公園,121.5558395400,24.9861202240,南港公園管理所,光輝路9-1號前
859,辛亥生態公園,121.5567640000,25.0036850000,南港公園管理所,辛亥路四段至興德路間
561,坡內坑公園,121.5765533400,25.0049705510,南港公園管理所,木柵路四段159巷內
399,忠順公園,121.5611419700,24.9831409450,南港公園管理所,興隆路4段96巷底
403,忠順萊茵公園,121.5653686500,24.9867801670,南港公園管理所,興隆路四段109巷旁
567,明義公園,121.5609817500,24.9880695340,南港公園管理所,興隆路4段101巷口
21,芳寧公園,121.5632782000,25.0045299530,南港公園管理所,和平東路四段與萬寧街交叉口
182,保儀公園,121.5634689300,24.9835395810,南港公園管理所,木新路3段50巷、70巷內
215,恆光公園,121.5675888100,24.9824104310,南港公園管理所,木新路2段211巷10弄8號前
349,原野運動公園,121.5713729900,24.9971294400,南港公園管理所,萬芳路木柵高工旁
557,博嘉公園,121.5735397300,25.0004501340,南港公園管理所,軍功路47巷55號之8旁
278,景仁公園,121.5401001000,24.9966697690,南港公園管理所,景仁街1巷16號
62,景行公園,121.5427780200,24.9925193790,南港公園管理所,景中街景美國中對面
129,景美公園(原萬慶公園),121.5375976600,24.9940204620,南港公園管理所,文山區育英街45巷旁
710,景美運動公園,121.5445175200,25.0025405880,南港公園管理所,文山區景豐街80號旁
257,景華公園,121.5437927200,24.9951896670,南港公園管理所,文山區景華街55號
275,景福公園,121.5403213500,24.9956798550,南港公園管理所,溪口街36巷內
534,景豐公園,121.5450515700,25.0001297000,南港公園管理所,興隆路1段251號3弄
285,華興公園,121.5504684400,24.9891700740,南港公園管理所,試院路4巷內
654,順興公園綠地,121.5643768300,24.9860897060,南港公園管理所,興隆路四段109巷92弄旁
10,新榮公園,121.5702209500,24.9833297730,南港公園管理所,木新路2段111巷底
753,椰城公園,121.5687027000,25.0063591000,南港公園管理所,和平東路四段101巷6弄21號
82,萬年1號公園,121.5362014800,25.0056991580,南港公園管理所,汀州路4段122至146號對面
778,萬年2號公園,121.5362014800,25.0056991580,南港公園管理所,汀州路4段122至146號對面
495,萬年3號公園,121.5369262700,25.0070400240,南港公園管理所,汀州路4段105巷口
202,萬有1號公園,121.5429534900,24.9998302460,南港公園管理所,興隆路1段202巷
725,萬有2號公園,121.5419006300,25.0007095340,南港公園管理所,景明街11巷6弄8號前
400,萬有3號公園,121.5430984500,24.9987201690,南港公園管理所,景隆街107號前
458,萬和1號公園,121.5363235500,25.0004901890,南港公園管理所,萬隆街1至71號對面
67,萬和2號公園,121.5365371700,25.0014896390,南港公園管理所,萬隆街72至80號對面
350,萬和3號公園,121.5363388100,25.0038108830,南港公園管理所,羅斯福路5段192巷33號至218巷2號對面
580,萬芳10號公園,121.5624923700,25.0016498570,南港公園管理所,文山區萬美街1段121號(往公訓中心方向)
505,萬芳11號公園,121.5630798300,25.0030498500,南港公園管理所,文山區萬美街2段2號
411,萬芳12號公園,121.5635833700,25.0014705660,南港公園管理所,萬利街30巷24至32號對面
438,萬芳13號公園,121.5653991700,25.0017299650,南港公園管理所,萬美街1段與萬樂街口
9,萬芳14號公園,121.5653305100,25.0003204350,南港公園管理所,萬利街33號邊
27,萬芳1號公園,121.5667266800,24.9998607640,南港公園管理所,萬利街4號邊
490,萬芳2號公園,121.5667724600,24.9992008210,南港公園管理所,萬芳路與萬利街口
263,萬芳3號公園,121.5671005200,24.9992504120,南港公園管理所,萬芳路與萬利街口
535,萬芳4號公園,121.5675277700,25.0015392300,南港公園管理所,文山區萬和街1號對面
66,萬芳6號公園,121.5691833500,24.9995002750,南港公園管理所,萬芳路與萬和街口
284,萬芳7號公園,121.5661621100,25.0015792850,南港公園管理所,文山區萬美街1段36號旁
18,萬芳8號公園,121.5604629500,25.0030097960,南港公園管理所,萬芳社區萬美街與興德路之間(公訓處前)
641,萬芳9號公園,121.5614776600,25.0017795560,南港公園管理所,文山區萬美街1段121號旁
463,萬盛公園,121.5410614000,25.0051498410,南港公園管理所,萬盛街130巷口
167,萬壽1號公園,121.5892181400,24.9874706270,南港公園管理所,萬壽路61巷旁，棲霞山莊旁
150,萬壽2號公園,121.5895614600,24.9873695370,南港公園管理所,萬壽路61巷旁，棲霞山莊旁
668,萬壽3號公園,121.5860824600,24.9854202270,南港公園管理所,萬壽路與政大一街間
823,萬興櫻花生態景觀公園,121.5731031000,24.9915411000,南港公園管理所,新光路一段66巷6弄
726,試院公園,121.5473175000,24.9877891540,南港公園管理所,木柵路1段89巷
148,福興公園,121.5481567400,25.0039997100,南港公園管理所,福興路63巷4號
589,樟林公園,121.5592117300,24.9846401210,南港公園管理所,忠順街1段121巷7弄12號前
743,樟新公園,121.5569534300,24.9791908260,南港公園管理所,一壽街49之3號
770,樟樹公園,121.5593719500,24.9827194210,南港公園管理所,忠順街1段26巷26弄口
178,樟興公園,121.5541229200,24.9806709290,南港公園管理所,木新路3段與辛亥路7段口
229,興旺公園,121.5504608200,25.0058403020,南港公園管理所,福興路82巷內
240,興家公園,121.5608215300,24.9947299960,南港公園管理所,興隆路三段207巷10弄旁
756,興泰公園,121.5554809600,25.0048103330,南港公園管理所,辛亥路四段166巷內
119,興隆公園,121.5510864300,25.0001392360,南港公園管理所,文山區仙岩路128號
629,興福公園,121.5459671000,24.9971199040,南港公園管理所,景華街121巷底
89,興德綠色步道,121.5595397900,24.9947700500,園藝工程隊(南區分隊),興隆路3段296號至304巷口(海巡署前)
577,興豐公園,121.5512695300,25.0001907350,南港公園管理所,興隆路2段123號旁
504,文山50號綠地,121.5750885000,24.9907894130,園藝工程隊(南區分隊),秀明路2段24巷
265,文山木柵60號綠地,121.5832519500,25.0004291530,園藝工程隊(南區分隊),新光路2段與萬福橋旁，動物園公務門前方
536,木柵14號綠地,121.5515289300,24.9916305540,園藝工程隊(南區分隊),懷恩隧道口南側出入口
553,木柵17號(秀明綠地),121.5648117100,24.9890308380,園藝工程隊(南區分隊),久康街木柵16號公園對面
699,木柵49號綠地,121.5736694300,24.9930801390,園藝工程隊(南區分隊),新光路1段185
677,指南綠地,121.5796737700,24.9830093380,園藝工程隊(南區分隊),指南路3段24巷5號旁
479,軍功綠地,121.5726776100,25.0012798310,園藝工程隊(南區分隊),和平東路4段295巷內
736,清溪綠地,121.5805511500,24.9850692750,南港公園管理所,指南路二段225巷旁
173,景美29號綠地,121.5518188500,24.9963703160,園藝工程隊(南區分隊),懷恩隧道口北側出入口
521,景美30號綠地,121.5551986700,25.0007495880,園藝工程隊(南區分隊),興隆路與興德路交叉口
334,景美32號綠地,121.5579605100,25.0092201230,園藝工程隊(南區分隊),辛亥隧道口南側
387,萬利綠地,121.5647506700,25.0002899170,園藝工程隊(南區分隊),萬利街41巷旁
448,萬利綠地,121.5647506700,25.0002899170,園藝工程隊(南區分隊),萬利街41巷旁
